,city,country,id,date,latitude,longitude,temp,cloudiness,wind speed,humidity
0,Vaini,IN,1273574,10/28/19 13:17,15.34,74.49,69.566,85,1.26,92
1,Buraydah,SA,107304,10/28/19 13:18,26.33,43.97,80.6,20,7.2,74
2,Carnarvon,ZA,1014034,10/28/19 13:16,-30.97,22.13,47.06600000000001,0,9.83,39
3,Wajir,KE,178443,10/28/19 13:18,1.75,40.07,84.2,32,4.96,70
4,Berehove,UA,712423,10/28/19 13:18,48.21,22.65,49.64000000000002,75,2.1,87
5,Chapais,CA,5919850,10/28/19 13:18,49.78,-74.86,39.2,90,4.6,100
6,Upernavik,GL,3418910,10/28/19 13:18,72.79,-56.15,26.99600000000005,99,3.91,96
7,Rikitea,PF,4030556,10/28/19 13:15,-23.12,-134.97,71.6,86,7.98,83
8,Busselton,AU,2075265,10/28/19 13:15,-33.64,115.35,51.854000000000056,100,4.83,46
9,Saint-Joseph,FR,3037456,10/28/19 13:18,43.56,6.97,63.59000000000002,99,2.99,82
10,Hithadhoo,MV,1282256,10/28/19 13:16,-0.6,73.08,82.41800000000009,100,2.08,71
11,Coihaique,CL,3894426,10/28/19 13:18,-45.58,-72.07,47.01200000000006,75,3.1,75
12,Batemans Bay,AU,2176639,10/28/19 13:18,-35.71,150.18,43.088000000000044,11,1.92,88
13,Longyearbyen,NO,2729907,10/28/19 13:18,78.22,15.63,17.6,75,3.1,72
14,La Ronge,CA,6050066,10/28/19 13:18,55.1,-105.3,17.6,90,4.6,78
15,Havelock,US,4470244,10/28/19 13:18,34.88,-76.9,75.16400000000003,1,7.2,53
16,New Norfolk,AU,2155415,10/28/19 13:18,-42.78,147.06,50.432000000000016,100,5.7,40
20,Verkhniy Tagil,RU,474821,10/28/19 13:18,57.37,59.96,34.088000000000044,76,7.91,94
21,Kropotkin,RU,540761,10/28/19 13:18,45.43,40.58,55.004000000000055,0,2.12,75
22,Beyla,GN,2423126,10/28/19 13:18,8.69,-8.65,73.45400000000005,33,0.76,88
23,Oxford,US,4081914,10/28/19 13:15,33.61,-85.83,63.53600000000007,1,0.88,77
24,Puerto Ayora,EC,3652764,10/28/19 13:16,-0.74,-90.35,73.83200000000002,75,3.6,61
25,Punta Arenas,CL,3874787,10/28/19 13:15,-53.16,-70.91,44.38399999999999,40,6.2,39
26,Hilo,US,5855927,10/28/19 13:13,19.71,-155.08,64.20200000000008,90,2.1,83
27,Guaruja,BR,3461789,10/28/19 13:15,-23.99,-46.26,88.05200000000008,75,6.7,37
28,Ngunguru,NZ,2186111,10/28/19 13:18,-35.62,174.5,55.99400000000007,100,3.45,92
30,Mataura,NZ,6201424,10/28/19 13:15,-46.19,168.86,42.008,67,0.45,88
31,Eenhana,NA,3357804,10/28/19 13:18,-17.48,16.34,95.0,12,4.1,17
32,Cape Town,ZA,3369157,10/28/19 13:14,-33.93,18.42,57.90200000000008,75,9.3,62
33,Nyurba,RU,2018735,10/28/19 13:18,63.29,118.35,12.074000000000012,47,1.55,91
34,Sur,OM,286245,10/28/19 13:18,22.57,59.53,80.54600000000005,7,6.65,53
35,Laguna,BZ,3581398,10/28/19 13:16,16.17,-88.94,84.2,40,2.1,79
36,Stephenville,CA,6156244,10/28/19 13:18,48.55,-58.59,44.20400000000005,20,3.1,70
38,Hobart,AU,2163355,10/28/19 13:18,-42.88,147.33,50.41400000000003,100,5.7,40
39,Palana,RU,2122262,10/28/19 13:18,59.08,159.95,32.21600000000001,100,0.56,67
40,Ponta do Sol,BR,3453439,10/28/19 13:18,-20.63,-46.0,84.92000000000006,51,2.18,47
41,Batagay-Alyta,RU,2027042,10/28/19 13:18,67.8,130.41,-5.0799999999999415,77,1.73,88
42,Aguimes,ES,2522325,10/28/19 13:18,27.91,-15.45,79.05200000000008,34,1.5,51
43,Chicama,PE,3698359,10/28/19 13:18,-7.84,-79.15,66.2,40,5.7,77
44,Mlonggo,ID,1635164,10/28/19 13:18,-6.53,110.7,82.4,20,1.0,61
47,Baherden,TM,162158,10/28/19 13:18,38.44,57.43,61.483999999999995,99,4.03,21
48,Bambanglipuro,ID,1650434,10/28/19 13:18,-7.95,110.28,71.51000000000008,99,1.26,93
49,Usinsk,RU,863061,10/28/19 13:18,66.0,57.56,16.988000000000046,91,4.95,95
51,Norman Wells,CA,6089245,10/28/19 13:18,65.28,-126.83,21.2,75,9.8,67
52,Puerto Colombia,CO,3671497,10/28/19 13:18,10.99,-74.96,87.60200000000007,75,2.6,70
53,Nata,BW,933238,10/28/19 13:18,-20.21,26.19,94.442,70,4.63,17
54,Ushuaia,AR,3833367,10/28/19 13:16,-54.81,-68.31,42.96200000000006,20,8.7,75
55,Esperance,AU,2071860,10/28/19 13:18,-33.86,121.89,57.2,90,5.1,76
56,Nanortalik,GL,3421765,10/28/19 13:18,60.14,-45.24,39.84800000000003,100,0.38,81
57,Bredasdorp,ZA,1015776,10/28/19 13:15,-34.53,20.04,51.8,19,9.8,62
58,Narsaq,GL,3421719,10/28/19 13:18,60.91,-46.05,48.2,75,0.5,45
59,Tautira,PF,4033557,10/28/19 13:18,-17.73,-149.15,79.016,20,1.0,69
60,Clyde River,CA,5924351,10/28/19 13:18,70.47,-68.59,30.2,75,4.1,86
61,Quesnel,CA,6115187,10/28/19 13:17,52.98,-122.49,32.0,1,5.7,57
62,Berdigestyakh,RU,2026861,10/28/19 13:18,62.1,126.7,15.314000000000032,100,0.81,94
63,North Bend,US,5742974,10/28/19 13:18,43.41,-124.22,46.45400000000005,1,1.5,65
64,Jamestown,AU,2069194,10/28/19 13:16,-33.21,138.6,55.16600000000001,0,3.38,38
66,Fairbanks,US,5861897,10/28/19 13:15,64.84,-147.72,41.88200000000002,90,4.1,70
67,Luwuk,ID,1637001,10/28/19 13:18,-0.95,122.79,80.40200000000007,4,4.0,70
68,Puro,PH,1706889,10/28/19 13:18,13.13,123.76,79.32200000000003,97,2.65,84
70,Kodiak,US,4407665,10/28/19 13:18,39.95,-94.76,38.24600000000005,90,4.6,60
71,Torbay,CA,6167817,10/28/19 13:18,47.66,-52.73,40.280000000000044,90,9.3,80
72,Atuona,PF,4020109,10/28/19 13:15,-9.8,-139.03,79.55600000000003,92,8.6,77
74,Codrington,AU,2160063,10/28/19 13:18,-28.95,153.24,58.98200000000001,90,2.1,93
75,Albany,US,5106834,10/28/19 13:16,42.65,-73.75,57.938000000000045,90,3.6,62
76,Lorengau,PG,2092164,10/28/19 13:18,-2.02,147.27,83.66000000000008,7,1.53,66
77,Auki,NG,2339937,10/28/19 13:18,12.18,6.51,79.53800000000004,85,4.36,61
78,Ulladulla,AU,2145554,10/28/19 13:18,-35.36,150.48,44.90600000000003,10,2.1,100
79,Geraldton,CA,5960603,10/28/19 13:18,49.72,-86.95,35.6,75,3.6,69
80,Qaanaaq,GL,3831208,10/28/19 13:16,77.48,-69.36,7.556000000000029,0,3.14,86
81,Muros,ES,3115824,10/28/19 13:18,42.77,-9.06,63.391999999999996,90,3.1,100
82,Hermanus,ZA,3366880,10/28/19 13:18,-34.42,19.24,55.004000000000055,35,2.24,74
83,Barrow,AR,3833859,10/28/19 13:16,-38.31,-60.23,51.51200000000006,99,3.23,91
84,Pisco,PE,3932145,10/28/19 13:18,-13.71,-76.2,70.10600000000002,60,4.1,30
85,Sorland,NO,3137469,10/28/19 13:18,67.67,12.69,37.4,75,6.7,86
86,Beira,ES,3119841,10/28/19 13:18,43.2,-8.36,63.932000000000016,20,4.1,82
88,Khandyga,RU,2022773,10/28/19 13:18,62.65,135.58,11.87600000000009,100,1.08,93
89,Kapaa,US,5848280,10/28/19 13:16,22.08,-159.32,73.4,90,2.1,94
90,Pizhma,RU,509176,10/28/19 13:18,57.86,47.12,29.012000000000057,100,3.26,67
92,Dingle,PH,1714733,10/28/19 13:18,11.0,122.67,74.21000000000008,98,1.05,89
93,San Felipe,CL,3872255,10/28/19 13:18,-32.75,-70.73,52.16000000000008,100,3.5,45
94,Mokolo,CM,2226275,10/28/19 13:18,10.74,13.8,86.0,20,1.0,62
95,Aklavik,CA,5882953,10/28/19 13:15,68.22,-135.01,21.11000000000008,75,6.7,85
96,Ca Mau,VN,1586443,10/28/19 13:18,9.18,105.15,75.90200000000007,100,1.54,94
98,Yellowknife,CA,6185377,10/28/19 13:15,62.45,-114.38,13.67600000000009,90,4.6,78
99,Havoysund,NO,779622,10/28/19 13:18,71.0,24.66,30.182000000000016,75,4.6,68
100,College,US,5859699,10/28/19 13:14,64.86,-147.8,40.820000000000064,90,4.1,70
101,Eirunepe,BR,3664321,10/28/19 13:18,-6.66,-69.87,91.58000000000004,100,0.88,46
102,Umm Lajj,SA,100926,10/28/19 13:18,25.02,37.27,75.70400000000005,0,1.96,59
103,Avarua,CK,4035715,10/28/19 13:15,-21.21,-159.78,69.8,100,1.0,77
104,Presidencia Roque Saenz Pena,AR,3840300,10/28/19 13:14,-26.79,-60.44,108.37400000000001,0,5.72,21
105,Saskylakh,RU,2017155,10/28/19 13:16,71.97,114.09,0.5000000000000497,99,3.02,96
107,Mataram,ID,1630639,10/28/19 13:18,-5.32,105.06,71.36600000000001,88,1.93,97
108,Ketchikan,US,5554428,10/28/19 13:18,55.34,-131.65,42.8,40,3.1,75
109,Vallenar,CL,3868633,10/28/19 13:18,-28.58,-70.76,71.43800000000005,0,5.51,33
110,Kaitangata,NZ,2208248,10/28/19 13:18,-46.28,169.85,42.998000000000026,96,1.34,87
111,Jakar,BT,1337301,10/28/19 13:18,27.55,90.75,39.668000000000085,77,1.68,94
112,Pacific Grove,US,5380437,10/28/19 13:14,36.62,-121.92,57.36200000000006,1,2.1,33
113,Sorata,BO,3904043,10/28/19 13:18,-15.77,-68.65,50.648000000000025,94,2.75,39
114,Mar del Plata,AR,3863379,10/28/19 13:18,-46.43,-67.52,53.06000000000008,89,5.25,44
115,Northam,AU,2064550,10/28/19 13:18,-31.65,116.67,59.0,100,0.5,93
116,Srednekolymsk,RU,2121025,10/28/19 13:15,67.46,153.71,-5.169999999999959,0,3.61,88
117,Nome,US,4732862,10/28/19 13:18,30.04,-94.42,70.77200000000003,40,2.6,73
118,Khani,GE,610864,10/28/19 13:18,41.96,42.96,53.6,0,1.5,93
119,Pravia,ES,6359954,10/28/19 13:18,43.49,-6.11,67.22600000000008,40,1.5,68
120,Butaritari,KI,2110227,10/28/19 13:18,3.07,172.79,84.48800000000004,85,4.77,70
121,Hasaki,JP,2112802,10/28/19 13:16,35.73,140.83,56.354000000000056,75,3.6,77
122,Rio Gallegos,AR,3838859,10/28/19 13:18,-51.62,-69.22,51.8,75,5.1,29
123,Georgetown,GY,3378644,10/28/19 13:16,6.8,-58.16,87.8,40,4.1,74
124,Nhulunbuy,AU,2064735,10/28/19 13:18,-12.18,136.78,75.2,75,1.0,88
125,Ursulo Galvan,MX,3521168,10/28/19 13:18,20.6,-97.44,82.4,75,2.1,65
126,Namatanai,PG,2090021,10/28/19 13:18,-3.66,152.44,81.89600000000004,65,1.78,77
127,Port Alfred,ZA,964432,10/28/19 13:16,-33.59,26.89,60.998000000000026,51,4.92,71
128,Adrar,DZ,2508813,10/28/19 13:18,27.87,-0.29,82.4,0,7.7,21
129,Bethel,US,5880568,10/28/19 13:18,60.79,-161.76,39.2,90,1.5,86
130,Santa Cruz de Tenerife,ES,2511174,10/28/19 13:13,28.47,-16.25,79.44800000000002,0,3.6,57
131,Novopskov,UA,699311,10/28/19 13:18,49.54,39.1,50.68399999999999,5,2.22,79
133,San Marcos,GT,3589805,10/28/19 13:18,14.97,-91.79,80.78000000000004,40,3.1,66
135,Cockburn Town,TC,3576994,10/28/19 13:18,21.46,-71.14,82.31000000000009,65,7.65,79
136,Saint George,GR,262462,10/28/19 13:18,39.45,22.34,65.91200000000006,0,2.1,77
137,Lebu,ET,344979,10/28/19 13:18,8.96,38.73,62.6,40,3.1,48
138,Meulaboh,ID,1214488,10/28/19 13:15,4.14,96.13,78.78200000000001,100,3.37,83
139,Bachaquero,VE,3648698,10/28/19 13:18,9.96,-71.12,88.52000000000007,84,2.06,63
140,Kavaratti,IN,1267390,10/28/19 13:18,10.57,72.64,82.02200000000003,44,1.05,71
141,Rio Branco,BR,3662574,10/28/19 13:18,-9.98,-67.82,86.0,75,4.6,70
143,Balfour,US,4453570,10/28/19 13:18,35.35,-82.47,70.28600000000007,1,3.6,49
144,Bautar,RO,685245,10/28/19 13:18,45.52,22.57,51.674000000000014,52,0.97,66
145,Nalut,LY,2214433,10/28/19 13:18,31.86,10.98,69.26000000000008,70,3.86,65
147,Nikolskoye,RU,546105,10/28/19 13:18,59.7,30.79,30.97400000000001,56,2.0,81
149,Svetlogorsk,RU,584051,10/28/19 13:18,53.14,59.15,57.2,75,12.0,54
150,Dikson,RU,1507390,10/28/19 13:18,73.51,80.55,7.052000000000078,100,7.92,92
151,Terra Santa,BR,3386467,10/28/19 13:18,-2.1,-56.49,98.87000000000006,95,2.95,31
152,Coquimbo,CL,3893629,10/28/19 13:18,-29.95,-71.34,66.2,100,7.7,48
153,Susanville,US,5572400,10/28/19 13:18,40.42,-120.65,39.00200000000008,28,1.43,29
154,Ukiah,US,5404476,10/28/19 13:18,39.15,-123.21,57.50600000000003,8,0.45,20
155,Leningradskiy,RU,2123814,10/28/19 13:18,69.38,178.42,17.33000000000004,100,17.4,89
156,Ancud,CL,3899695,10/28/19 13:18,-41.87,-73.83,48.2,90,7.2,100
157,Kavieng,PG,2094342,10/28/19 13:18,-2.57,150.8,82.99400000000007,3,0.88,72
158,Campoverde,EC,3654870,10/28/19 13:18,-0.91,-78.62,65.04800000000003,75,8.7,52
159,Vestmanna,FO,2610343,10/28/19 13:18,62.16,-7.17,35.6,89,3.1,80
160,Chokurdakh,RU,2126123,10/28/19 13:16,70.62,147.9,-5.313999999999979,1,1.27,93
161,Saiha,IN,1257771,10/28/19 13:18,22.49,92.98,65.066,12,1.19,93
162,Sao Felix do Xingu,BR,3388847,10/28/19 13:18,-6.64,-51.99,94.94600000000005,95,1.72,35
163,Luau,CD,876177,10/28/19 13:18,-10.7,22.23,70.53800000000004,36,1.43,81
164,Port Lincoln,AU,2063036,10/28/19 13:18,-34.72,135.86,57.97400000000001,0,3.83,56
165,Kahului,US,5847411,10/28/19 13:18,20.89,-156.47,72.44600000000005,40,3.1,78
166,Anadyr,RU,2127202,10/28/19 13:18,64.73,177.51,12.091999999999995,0,6.0,78
169,Ribeira Grande,PT,3372707,10/28/19 13:16,38.52,-28.7,66.2,75,8.2,82
171,Svetlaya,RU,2015852,10/28/19 13:18,46.54,138.33,45.733999999999995,51,1.82,64
173,Bathsheba,BB,3374083,10/28/19 13:18,13.22,-59.52,89.6,40,7.2,62
174,Bikin,RU,2026696,10/28/19 13:18,46.82,134.25,36.55400000000005,99,2.63,75
175,Ninove,BE,2790115,10/28/19 13:18,50.84,4.02,49.658,62,1.5,76
177,Christchurch,NZ,2192362,10/28/19 13:18,-43.53,172.64,45.96800000000009,24,3.1,57
178,Senanga,ZM,898947,10/28/19 13:18,-16.1,23.3,83.80400000000006,35,0.78,30
179,Bluff,AU,2175403,10/28/19 13:16,-23.58,149.07,67.56800000000008,57,4.75,83
180,San Patricio,PY,3437029,10/28/19 13:18,-26.98,-56.83,102.81200000000005,0,5.05,29
181,Severo-Kurilsk,RU,2121385,10/28/19 13:18,50.68,156.12,35.52800000000006,100,4.82,97
182,Khatanga,RU,2022572,10/28/19 13:16,71.98,102.47,7.016000000000009,22,8.05,78
183,Yar-Sale,RU,1486321,10/28/19 13:16,66.83,70.83,6.152000000000079,89,2.12,95
184,Flinders,AU,6255012,10/28/19 13:18,-34.58,150.85,52.592,0,2.1,100
185,Ciudad Bolivar,VE,3645532,10/28/19 13:18,8.12,-63.55,91.54400000000007,61,2.89,46
186,Muravlenko,RU,1540711,10/28/19 13:18,63.79,74.5,0.35600000000003007,25,1.57,92
187,Doha,QA,290030,10/28/19 13:18,25.29,51.53,87.83600000000007,1,2.6,58
188,Salalah,OM,286621,10/28/19 13:18,17.01,54.1,82.4,94,2.1,37
190,French Harbor,HN,3609667,10/28/19 13:18,16.35,-86.43,86.0,40,7.2,79
191,Tarbes,FR,2973385,10/28/19 13:18,43.23,0.08,64.47200000000004,90,2.1,82
192,Wasilla,US,5877641,10/28/19 13:18,61.58,-149.44,42.69199999999999,90,3.6,70
193,Saint-Georges,CA,6295855,10/28/19 13:18,46.12,-70.67,47.73200000000001,99,0.45,100
194,Skagen,SE,2696329,10/28/19 13:18,58.6,13.44,34.80800000000001,18,2.6,74
195,Ushtobe,KZ,1517637,10/28/19 13:18,45.25,77.98,51.242,71,2.17,33
196,Boyolangu,ID,1648082,10/28/19 13:18,-8.09,111.9,70.95200000000008,69,1.68,93
197,Thompson,CA,6165406,10/28/19 13:18,55.74,-97.86,21.2,90,7.7,79
198,Hue,VN,1580240,10/28/19 13:18,16.47,107.58,78.8,40,1.5,88
200,Awjilah,LY,88533,10/28/19 13:18,29.14,21.3,72.75200000000008,30,3.73,26
201,Robertsport,LR,2274275,10/28/19 13:18,6.75,-11.37,81.19400000000007,18,5.02,79
202,Zirandaro,MX,3979647,10/28/19 13:18,18.45,-100.98,89.90600000000003,43,0.23,57
203,Kayerkan,RU,1497337,10/28/19 13:18,69.35,87.76,15.8,75,4.0,92
204,Axim,GH,2303611,10/28/19 13:18,4.87,-2.24,77.30600000000003,80,2.41,87
205,Provideniya,RU,4031574,10/28/19 13:18,64.42,-173.23,27.914000000000033,100,5.02,91
206,Ulaanbaatar,MN,2028462,10/28/19 13:18,47.92,106.92,15.8,0,1.0,85
207,Talnakh,RU,1490256,10/28/19 13:18,69.49,88.39,15.8,75,4.0,92
208,Castro,CL,3896218,10/28/19 13:15,-42.48,-73.76,48.2,90,7.2,100
209,Tuktoyaktuk,CA,6170031,10/28/19 13:18,69.44,-133.03,23.0,90,10.3,73
210,Victoria,BN,1733782,10/28/19 13:18,5.28,115.24,77.0,90,3.6,88
211,Ughelli,NG,2320829,10/28/19 13:18,5.49,6.0,73.50800000000001,100,1.13,96
212,Saint-Augustin,CA,6138501,10/28/19 13:18,45.63,-73.98,52.52000000000006,90,3.6,87
213,Fare,PF,4034496,10/28/19 13:18,-16.7,-151.02,79.358,82,7.37,79
214,Grindavik,IS,3416888,10/28/19 13:16,63.84,-22.43,39.2,75,3.6,80
215,Quang Ngai,VN,1568770,10/28/19 13:14,15.12,108.8,78.566,40,6.53,83
216,Porto Novo,BR,6322184,10/28/19 13:18,-23.68,-45.44,87.8,75,1.5,40
217,Atambua,ID,1651103,10/28/19 13:18,-9.11,124.89,71.87000000000006,69,1.26,83
218,Orissaare,EE,589796,10/28/19 13:18,58.56,23.08,39.65,40,2.1,93
219,Tuatapere,NZ,2180815,10/28/19 13:16,-46.13,167.69,42.008,98,0.45,88
220,Saint-Philippe,CA,6138908,10/28/19 13:18,45.36,-73.48,52.52000000000006,90,3.6,87
221,Port Elizabeth,US,4501427,10/28/19 13:16,39.31,-74.98,64.74199999999999,40,3.6,55
222,Amga,RU,2027786,10/28/19 13:18,60.89,131.98,12.97400000000001,78,0.76,97
223,Ballina,IE,2966778,10/28/19 13:18,54.11,-9.15,44.22200000000004,20,3.1,81
224,Lompoc,US,5367788,10/28/19 13:18,34.64,-120.46,64.74199999999999,1,4.1,41
226,Sao Filipe,CV,3374210,10/28/19 13:18,14.9,-24.5,81.23000000000005,100,5.09,60
228,Pangnirtung,CA,6096551,10/28/19 13:18,66.15,-65.72,28.4,20,3.6,79
229,Atar,MR,2381334,10/28/19 13:18,20.52,-13.05,91.88600000000007,0,5.94,13
230,Sept-Iles,CA,6144312,10/28/19 13:14,50.2,-66.38,42.29600000000005,90,5.7,75
231,Constitucion,MX,4011743,10/28/19 13:18,23.99,-104.67,69.36800000000008,5,2.6,32
232,Praia,BR,3460954,10/28/19 13:18,-20.25,-43.81,89.6,75,2.6,35
233,Panguna,PG,2088659,10/28/19 13:18,-6.32,155.48,69.76400000000004,100,1.32,91
234,Toamasina,MG,1053384,10/28/19 13:18,-18.17,49.38,77.0,20,2.6,83
235,Cleethorpes,GB,2652885,10/28/19 13:18,53.56,-0.03,44.924000000000014,75,3.6,87
236,Filotion,GR,262397,10/28/19 13:18,37.05,25.5,64.77800000000006,72,2.1,72
237,Tasiilaq,GL,3424607,10/28/19 13:18,65.61,-37.64,30.2,69,1.5,50
238,Kununurra,AU,2068110,10/28/19 13:18,-15.77,128.74,80.6,36,2.6,47
239,Abeche,TD,245785,10/28/19 13:18,13.83,20.83,84.61400000000003,0,1.12,35
240,Florida,UY,3442585,10/28/19 13:16,-34.1,-56.21,79.88000000000004,100,6.41,77
242,Tall Kayf,TR,303750,10/28/19 13:18,37.08,41.07,66.2,20,1.0,34
243,Sioux Lookout,CA,6148373,10/28/19 13:18,50.1,-91.92,28.094000000000072,90,4.6,74
244,Yulara,AU,6355222,10/28/19 13:18,-25.24,130.99,68.0,0,3.1,14
245,Hovd,NO,7626384,10/28/19 13:18,63.83,10.7,40.17200000000004,75,5.7,86
246,Iquique,CL,3887127,10/28/19 13:18,-20.22,-70.14,68.0,97,6.2,52
247,East London,ZA,1006984,10/28/19 13:18,-33.02,27.91,60.8,46,8.7,59
248,Huejuquilla el Alto,MX,4004616,10/28/19 13:14,22.63,-103.9,71.24000000000002,56,0.51,46
249,Annigeri,IN,1278540,10/28/19 13:18,15.43,75.43,74.49800000000002,5,3.13,79
250,Pevek,RU,2122090,10/28/19 13:18,69.7,170.27,1.2020000000000763,100,5.19,92
251,Natal,BR,3394023,10/28/19 13:18,-5.81,-35.21,86.41400000000003,20,8.2,54
253,Mahebourg,MU,934322,10/28/19 13:18,-20.41,57.7,72.53600000000007,20,1.86,83
254,Mackay,CA,5921525,10/28/19 13:18,53.65,-115.58,14.0,75,4.1,66
257,Linxia,CN,1803331,10/28/19 13:18,35.6,103.21,38.372000000000035,0,3.1,24
258,Acapulco,MX,3533462,10/28/19 13:18,16.86,-99.88,86.0,75,1.99,70
259,Bambous Virieux,MU,1106677,10/28/19 13:18,-20.34,57.76,72.55400000000006,20,2.75,83
260,Bilma,NE,2446796,10/28/19 13:18,18.69,12.92,84.542,75,3.85,14
261,Kargasok,RU,1504382,10/28/19 13:18,59.06,80.87,35.87000000000006,100,4.06,93
262,Henties Bay,NA,3356832,10/28/19 13:18,-22.12,14.28,60.998000000000026,0,8.05,81
263,Portland,US,4975802,10/28/19 13:17,43.66,-70.25,49.26200000000006,90,2.1,87
264,Launceston,AU,2160517,10/28/19 13:18,-41.43,147.14,47.354000000000056,100,6.7,66
265,Hay River,CA,5972762,10/28/19 13:18,60.82,-115.79,19.4,90,5.7,79
266,Jieshi,CN,1805857,10/28/19 13:18,22.82,115.83,69.99800000000002,18,0.89,67
267,Nexo,DK,2616504,10/28/19 13:18,55.06,15.13,39.2,73,1.5,93
268,Muzhi,RU,1498161,10/28/19 13:18,65.4,64.7,13.424000000000014,23,4.79,83
269,Morehead,US,4301307,10/28/19 13:18,38.18,-83.43,63.248000000000026,1,2.1,55
270,Yekaterinovka,RU,488635,10/28/19 13:18,46.69,38.75,51.92600000000009,41,2.51,93
271,Bonavista,CA,5905393,10/28/19 13:18,48.65,-53.11,39.992,78,6.26,85
272,Praia da Vitoria,PT,3372760,10/28/19 13:18,38.73,-27.07,69.8,40,10.78,94
273,Ottappalam,IN,1261008,10/28/19 13:18,10.77,76.38,78.8,75,1.5,83
274,Puyang,CN,1798422,10/28/19 13:18,35.76,115.02,50.12600000000009,0,1.75,20
275,Nizwa,OM,286987,10/28/19 13:18,22.93,57.53,77.14400000000008,2,3.15,33
276,Alofi,NU,4036284,10/28/19 13:18,-19.06,-169.92,74.89400000000008,100,11.33,79
277,Logstor,DK,2617467,10/28/19 13:18,56.96,9.26,42.602000000000075,39,0.45,87
278,Santa Isabel do Rio Negro,BR,3662489,10/28/19 13:18,-0.41,-65.02,88.46600000000001,29,1.16,61
279,Sibu,MY,1735902,10/28/19 13:18,2.29,111.83,75.05600000000003,75,2.1,94
280,Santa Rosa,AR,3835994,10/28/19 13:18,-36.62,-64.29,73.43600000000006,18,3.04,30
281,Khonsa,IN,1266668,10/28/19 13:18,26.99,95.51,62.00600000000003,85,1.87,92
282,Airai,TL,1651810,10/28/19 13:18,-8.93,125.41,64.72400000000002,47,1.0,82
283,Mandera,ET,187896,10/28/19 13:18,3.94,41.86,88.77200000000003,76,1.61,53
284,Kharp,RU,1503726,10/28/19 13:18,66.82,65.8,6.152000000000079,44,3.84,91
285,Non Thai,TH,1608131,10/28/19 13:18,15.2,102.07,75.92000000000006,10,2.92,82
286,Serenje,ZM,898912,10/28/19 13:18,-13.23,30.22,74.984,78,1.78,19
287,Tiznit,MA,2527089,10/28/19 13:18,29.7,-9.73,67.53200000000001,30,3.19,62
288,Ruston,US,4339348,10/28/19 13:18,32.52,-92.64,59.0,90,1.5,82
289,Saravan,AM,174726,10/28/19 13:18,39.72,45.65,52.73600000000007,0,4.1,53
290,Steamboat Springs,US,5582371,10/28/19 13:15,40.48,-106.83,12.668000000000085,40,4.1,84
291,Tura,RU,2014833,10/28/19 13:15,64.27,100.22,4.783999999999992,100,1.32,95
292,Gamboula,CF,2386756,10/28/19 13:18,4.12,15.14,69.89000000000001,98,0.86,96
293,Shasta Lake,US,5571109,10/28/19 13:18,40.68,-122.36,45.608000000000004,1,3.6,11
294,Beyneu,KZ,610298,10/28/19 13:18,45.32,55.19,59.18000000000004,23,4.78,24
295,Portage,US,4925006,10/28/19 13:18,41.58,-87.18,52.610000000000085,90,2.6,76
296,Chuy,UY,3443061,10/28/19 13:16,-33.69,-53.46,78.53000000000004,100,5.34,64
297,San Luis,AR,3837056,10/28/19 13:18,-33.3,-66.34,78.26000000000008,21,8.45,33
299,Tecoanapa,MX,3532499,10/28/19 13:18,16.99,-99.26,86.0,75,0.87,70
300,Zhanakorgan,KZ,1517323,10/28/19 13:18,43.91,67.25,50.288000000000046,17,1.96,48
301,Pokhara,NP,1282898,10/28/19 13:18,28.21,83.99,61.610000000000085,68,0.68,95
302,Shadrinsk,RU,1492517,10/28/19 13:18,56.09,63.63,46.814000000000036,91,10.72,60
303,Ostrovnoy,RU,556268,10/28/19 13:18,68.05,39.51,17.348000000000024,98,5.76,88
304,Rosetta,EG,350203,10/28/19 13:18,31.4,30.42,73.4,40,5.1,56
305,San Quintin,PH,1688687,10/28/19 13:16,17.54,120.52,72.59000000000002,98,1.91,84
306,Komsomolskiy,RU,1486910,10/28/19 13:18,67.55,63.78,9.590000000000021,98,3.01,96
308,Bang Pakong,TH,1619363,10/28/19 13:18,13.54,100.99,83.13800000000005,40,2.1,83
309,Banda Aceh,ID,1215502,10/28/19 13:18,5.56,95.32,73.61600000000001,100,0.57,91
310,Marovoay,MG,1059507,10/28/19 13:18,-16.11,46.64,82.4,40,6.2,78
312,Lagoa,PT,2267254,10/28/19 13:18,37.14,-8.45,68.342,20,2.6,88
313,Rocha,UY,3440777,10/28/19 13:18,-34.48,-54.34,81.59000000000002,100,5.41,67
314,Vestmannaeyjar,IS,3412093,10/28/19 13:18,63.44,-20.27,41.0,33,6.2,69
315,Coahuayana,MX,3981460,10/28/19 13:18,18.62,-100.35,81.55400000000006,79,1.18,75
316,Vardo,US,4372777,10/28/19 13:18,39.62,-77.74,65.516,1,3.1,52
318,Berlevag,NO,780687,10/28/19 13:18,70.86,29.09,30.74000000000002,40,9.3,59
319,Iqaluit,CA,5983720,10/28/19 13:15,63.75,-68.52,33.35,40,7.7,74
321,Monrovia,LR,2274895,10/28/19 13:18,6.33,-10.8,86.0,75,3.72,74
322,Bandarbeyla,SO,64814,10/28/19 13:18,9.49,50.81,80.25800000000001,98,2.1,58
323,Lubao,CD,211098,10/28/19 13:18,-5.39,25.75,72.66200000000006,94,1.09,91
324,Vao,EE,588365,10/28/19 13:18,59.1,26.19,35.83399999999999,95,1.28,91
325,Husavik,CA,5961417,10/28/19 13:18,50.56,-96.99,27.554000000000052,70,2.68,58
326,Bubaque,GW,2374583,10/28/19 13:18,11.28,-15.83,82.20200000000008,51,4.21,79
327,Ternate,PH,1682474,10/28/19 13:18,14.29,120.72,79.46600000000001,75,1.5,83
328,Kandrian,PG,2094746,10/28/19 13:18,-6.21,149.55,73.50800000000001,23,1.17,93
329,Souillac,FR,3026644,10/28/19 13:18,45.6,-0.6,63.158,83,2.6,82
330,Port Hedland,AU,2063042,10/28/19 13:18,-20.31,118.58,82.4,0,4.1,74
332,Kuntaur,GM,2412778,10/28/19 13:18,13.67,-14.89,88.32200000000003,0,1.35,24
334,Ligayan,PH,1706466,10/28/19 13:18,4.65,119.47,84.48800000000004,17,1.98,65
335,Nenjiang,CN,2035601,10/28/19 13:18,49.17,125.23,29.98399999999999,100,6.14,95
336,Aloleng,PH,1731298,10/28/19 13:18,16.13,119.78,75.74000000000002,93,2.41,77
337,Teguldet,RU,1489822,10/28/19 13:18,57.31,88.17,40.26200000000006,100,4.72,93
338,Naze,NG,2337542,10/28/19 13:16,5.43,7.07,77.0,75,2.1,94
339,Kruisfontein,ZA,986717,10/28/19 13:16,-34.0,24.73,53.708000000000006,73,11.32,65
340,Hanstholm,DK,2620786,10/28/19 13:18,57.12,8.61,42.314000000000036,38,4.78,71
341,Camacha,PT,2270385,10/28/19 13:18,33.08,-16.33,74.15600000000003,20,3.1,78
342,Baruun-Urt,MN,2032614,10/28/19 13:18,46.68,113.28,30.848000000000024,7,5.11,45
343,San Cristobal,HN,3609418,10/28/19 13:18,14.68,-86.92,81.59000000000002,73,3.77,56
344,Tual,ID,1623197,10/28/19 13:18,-5.67,132.75,79.91600000000001,6,3.33,81
345,Palic,RS,3189595,10/28/19 13:18,46.1,19.76,60.008,100,2.99,51
346,Sinnamary,GF,3380290,10/28/19 13:18,5.38,-52.96,82.81400000000004,84,7.13,74
347,Riyadh,SA,108410,10/28/19 13:16,24.63,46.72,86.0,21,3.6,27
348,Oranjemund,ZA,3354071,10/28/19 13:18,-28.55,16.43,58.082000000000015,0,7.43,64
349,Heyang,CN,1811764,10/28/19 13:18,26.1,107.47,48.14600000000005,0,1.32,94
350,Bhatkal,IN,1276067,10/28/19 13:18,13.97,74.57,77.57600000000009,62,2.12,84
351,Dalnerechensk,RU,2025159,10/28/19 13:18,45.93,133.72,45.57200000000004,99,5.45,67
352,Port Blair,IN,1259385,10/28/19 13:18,11.67,92.75,83.858,85,3.5,77
353,Sibolga,ID,1213855,10/28/19 13:18,1.74,98.78,70.05200000000008,100,0.61,97
354,Khudumelapye,BW,933562,10/28/19 13:18,-23.91,24.95,75.07400000000001,0,6.47,12
355,Upata,VE,3625710,10/28/19 13:18,8.02,-62.41,89.99600000000005,37,2.68,66
356,Mogzon,RU,2019884,10/28/19 13:18,51.74,111.97,24.8,67,3.03,85
357,Palora,EC,3653523,10/28/19 13:18,-1.7,-77.97,81.35600000000002,40,2.6,48
358,Havre,US,5656497,10/28/19 13:18,48.55,-109.68,15.998000000000026,100,6.26,60
359,Vanimo,PG,2084442,10/28/19 13:18,-2.67,141.3,83.33600000000007,100,3.3,73
360,Hohhot,CN,2036892,10/28/19 13:18,40.81,111.65,28.4,0,1.0,58
361,Norrtalje,SE,2688250,10/28/19 13:18,59.76,18.7,34.57400000000001,63,3.1,87
362,Yatou,CM,2225940,10/28/19 13:18,3.63,9.81,82.4,40,1.5,78
363,Sao Joao da Barra,BR,3448903,10/28/19 13:18,-21.64,-41.05,86.61200000000005,20,9.3,52
364,Rajakhera,IN,1258930,10/28/19 13:18,26.9,78.17,70.79000000000002,75,1.0,88
366,Saldanha,PT,2737599,10/28/19 13:18,41.42,-6.55,61.88000000000004,100,2.37,73
367,Wellington,NZ,2179537,10/28/19 13:18,-41.29,174.78,53.47400000000001,83,5.1,66
368,Nurota,UZ,1513087,10/28/19 13:18,40.56,65.69,51.8,0,3.1,40
369,Araouane,ML,2460954,10/28/19 13:18,18.9,-3.53,82.90400000000005,14,3.32,8
370,Liberia,CR,3623076,10/28/19 13:18,10.63,-85.44,86.0,40,2.1,74
371,Adamas,GR,265711,10/28/19 13:18,36.73,24.43,64.4,31,2.1,72
372,Sisimiut,GL,3419842,10/28/19 13:18,66.94,-53.67,25.988000000000046,59,1.76,88
373,Neiafu,TO,4032420,10/28/19 13:18,-18.65,-173.98,71.6,75,4.1,94
374,Rundu,NA,3353383,10/28/19 13:18,-17.91,19.77,100.4,65,1.36,14
375,Kampot,KH,1831112,10/28/19 13:18,10.62,104.18,77.0,40,0.5,88
376,Logumkloster,DK,2617457,10/28/19 13:18,55.06,8.96,44.87000000000006,20,3.1,81
377,General Roca,AR,3855065,10/28/19 13:18,-39.03,-67.58,71.6,4,10.8,18
378,Liverpool,GB,2644210,10/28/19 13:18,53.41,-2.98,44.33000000000004,20,3.1,70
380,Quatre Cocos,MU,1106643,10/28/19 13:18,-20.21,57.76,72.608,20,4.29,83
381,Banyumas,ID,1650095,10/28/19 13:18,-7.52,109.29,72.48200000000001,40,0.54,91
382,Innisfail,AU,2162683,10/28/19 13:14,-17.52,146.03,71.54600000000005,58,3.15,89
383,Maloy,ID,1628757,10/28/19 13:18,1.0,118.1,73.59800000000003,68,0.63,93
384,Caravelas,BR,3466980,10/28/19 13:18,-17.73,-39.27,82.86800000000008,8,6.74,59
385,Honningsvag,NO,779554,10/28/19 13:18,70.98,25.97,32.0,75,4.6,67
386,Vila Velha,BR,6320062,10/28/19 13:18,-3.71,-38.6,83.174,11,9.3,55
387,Bud,NO,7626370,10/28/19 13:18,62.91,6.91,38.983999999999995,75,2.6,93
388,Eureka,US,5563397,10/28/19 13:18,40.8,-124.16,42.8,1,2.6,60
389,Bruchsal,DE,2943560,10/28/19 13:18,49.12,8.6,48.02000000000006,90,6.2,76
390,Rivers,CA,6122707,10/28/19 13:18,50.03,-100.23,24.8,90,4.1,62
391,Najran,SA,103630,10/28/19 13:18,17.54,44.22,78.8,11,3.1,21
392,Luderitz,NA,3355672,10/28/19 13:18,-26.65,15.16,68.0,0,11.8,42
394,Poysdorf,AT,2768450,10/28/19 13:18,48.67,16.63,46.47200000000004,75,3.1,71
395,Ust-Kuyga,RU,2013921,10/28/19 13:18,70.0,135.55,-5.493999999999971,99,2.67,94
396,Ahipara,NZ,2194098,10/28/19 13:18,-35.17,173.16,55.99400000000007,100,7.05,100
397,Kursk,RU,538560,10/28/19 13:18,51.74,36.18,46.4,20,3.0,65
398,Otradnoye,RU,513898,10/28/19 13:18,59.77,30.8,30.97400000000001,52,2.0,81
399,Iskateley,RU,866062,10/28/19 13:18,67.68,53.15,21.541999999999994,91,4.69,90
400,Altamira,BR,3407882,10/28/19 13:18,-3.2,-52.21,94.98200000000001,84,0.81,38
401,Chumikan,RU,2025256,10/28/19 13:18,54.72,135.31,28.004000000000055,44,0.94,69
402,Ixtapa,MX,4004293,10/28/19 13:16,20.71,-105.21,84.092,20,1.9,58
403,Boone,US,4456703,10/28/19 13:14,36.22,-81.67,68.48600000000008,1,1.91,52
404,Rudnya,RU,500678,10/28/19 13:18,50.8,44.56,48.092,2,2.6,84
405,Riacho de Santana,BR,3451448,10/28/19 13:18,-13.61,-42.94,100.4,43,5.1,16
406,Weligama,LK,1223738,10/28/19 13:18,5.97,80.42,74.58800000000005,100,0.95,91
407,Tikrit,IQ,90150,10/28/19 13:18,34.62,43.68,74.42600000000009,0,2.34,38
408,San Vicente,EC,3660401,10/28/19 13:18,-0.59,-80.41,78.8,75,5.7,78
409,Rome,IT,6539761,10/28/19 13:17,41.89,12.48,63.932000000000016,100,1.5,82
410,Salekhard,RU,1493197,10/28/19 13:18,66.54,66.62,4.2260000000000915,33,1.03,83
412,Tessalit,ML,2449893,10/28/19 13:18,20.2,1.01,80.90600000000003,0,5.27,8
414,Aquiraz,BR,3407407,10/28/19 13:18,-3.9,-38.39,83.01200000000006,2,9.3,55
415,Fort Smith,US,4111410,10/28/19 13:18,35.39,-94.42,62.11400000000003,90,3.1,82
416,Tiarei,PF,4033356,10/28/19 13:18,-17.53,-149.33,79.05200000000008,20,1.0,69
417,Grand Gaube,MU,934479,10/28/19 13:18,-20.01,57.66,72.68000000000004,20,2.83,83
420,Venado Tuerto,AR,3833062,10/28/19 13:18,-33.75,-61.97,60.008,100,7.6,90
421,Quelimane,MZ,1028434,10/28/19 13:18,-17.88,36.89,86.0,0,7.7,66
423,Marzuq,YE,72181,10/28/19 13:18,14.4,46.47,69.42200000000004,49,1.11,50
424,Rio de Janeiro,BR,3451190,10/28/19 13:16,-22.91,-43.21,88.41200000000006,20,6.7,79
425,Saint-Francois,FR,2980080,10/28/19 13:18,46.42,3.91,55.38200000000002,90,2.1,93
427,Carballo,ES,3126369,10/28/19 13:18,43.21,-8.69,64.058,20,4.1,82
428,Cuorgne,IT,3177695,10/28/19 13:18,45.39,7.65,58.31600000000001,99,2.1,82
429,Alta Floresta,BR,6316343,10/28/19 13:18,-9.87,-56.08,93.2,40,1.5,52
430,Cabo San Lucas,MX,3985710,10/28/19 13:18,22.89,-109.91,84.02000000000007,5,1.0,29
431,Cherskiy,RU,2126199,10/28/19 13:16,68.75,161.3,-12.405999999999977,53,1.86,97
433,Waddan,LY,2209055,10/28/19 13:18,29.16,16.14,78.24199999999999,100,2.59,28
434,Gumdag,TM,161943,10/28/19 13:18,39.2,54.59,63.5,77,4.59,18
435,Harper,US,4696310,10/28/19 13:18,30.3,-99.24,66.72200000000004,90,3.1,82
436,Saint-Gaudens,FR,2980045,10/28/19 13:18,43.11,0.72,63.248000000000026,90,2.1,82
437,Mahon,IE,2965139,10/28/19 13:18,51.89,-8.4,46.418000000000085,75,6.2,75
438,Arraial do Cabo,BR,3471451,10/28/19 13:18,-22.97,-42.02,87.63800000000005,20,10.3,66
439,Marsh Harbour,BS,3571913,10/28/19 13:16,26.54,-77.06,81.75200000000008,60,4.47,80
440,Kars,TR,743952,10/28/19 13:18,40.61,43.1,45.158,29,1.0,60
441,Hobyo,SO,57000,10/28/19 13:18,5.35,48.53,81.33800000000005,3,4.45,75
442,Matamoros,US,3523466,10/28/19 13:18,25.87,-97.51,83.82200000000003,40,5.7,51
443,Mehamn,NO,778707,10/28/19 13:18,71.03,27.85,32.61200000000006,75,8.7,73
444,Touros,BR,3386213,10/28/19 13:18,-5.2,-35.46,84.2,20,8.2,54
445,Olutanga,PH,1697155,10/28/19 13:18,7.31,122.85,80.69000000000003,95,1.39,78
446,Maragogi,BR,3395458,10/28/19 13:18,-9.01,-35.22,78.74600000000005,26,8.09,73
447,Quiroga,ES,3112395,10/28/19 13:18,42.48,-7.27,60.74600000000005,100,1.05,87
448,Ler,NO,3146125,10/28/19 13:18,63.2,10.3,39.48800000000004,75,5.7,86
449,Sabancuy,MX,3520161,10/28/19 13:18,18.97,-91.18,92.192,51,0.26,52
450,Porbandar,IN,1259395,10/28/19 13:18,21.64,69.61,82.4,40,2.6,74
452,Faanui,PF,4034551,10/28/19 13:18,-16.48,-151.75,78.94400000000007,33,6.8,82
453,Gravelbourg,CA,5965462,10/28/19 13:18,49.88,-106.56,18.518000000000086,100,8.87,71
454,Taloqan,AF,1123004,10/28/19 13:18,36.74,69.54,51.674000000000014,100,0.75,73
457,Atbasar,KZ,1526038,10/28/19 13:18,51.81,68.36,53.13200000000002,10,11.06,62
458,Magadan,RU,2123628,10/28/19 13:18,59.56,150.8,37.004000000000055,100,3.22,96
459,Shugurovo,RU,493566,10/28/19 13:18,54.51,52.13,39.02000000000006,19,6.18,69
460,Mukhen,RU,2019718,10/28/19 13:18,48.19,136.14,36.71600000000001,75,2.43,67
461,Vieques,PR,4568570,10/28/19 13:18,18.43,-65.83,86.558,40,7.7,70
462,Barpathar,IN,1276869,10/28/19 13:18,26.3,93.87,69.71000000000008,94,0.21,95
463,Qandala,SO,53157,10/28/19 13:18,11.47,49.87,78.54800000000003,100,0.94,53
465,Sechura,PE,3691954,10/28/19 13:18,-5.56,-80.82,60.81800000000008,74,7.66,94
466,Bucerias,MX,4016734,10/28/19 13:18,20.76,-105.33,84.092,20,2.71,58
467,Cidreira,BR,3466165,10/28/19 13:18,-30.17,-50.22,72.87800000000007,31,4.98,78
468,Teya,MX,3526662,10/28/19 13:18,21.05,-89.07,87.81800000000008,75,3.6,74
469,Keti Bandar,PK,1174451,10/28/19 13:18,24.14,67.45,84.07400000000001,100,4.74,64
470,Vila Franca do Campo,PT,3372472,10/28/19 13:18,37.72,-25.43,71.6,20,10.3,88
471,Nanakuli,US,5851349,10/28/19 13:18,21.39,-158.15,76.73000000000005,90,2.6,88
472,Harrisburg,US,5192726,10/28/19 13:18,40.27,-76.89,65.48000000000005,1,3.1,45
473,Kuandian,CN,2036283,10/28/19 13:18,40.73,124.78,40.424000000000014,0,2.69,63
474,Viedma,AR,3832899,10/28/19 13:18,-40.81,-62.99,70.05200000000008,53,7.27,32
475,Man,CI,2284647,10/28/19 13:18,7.41,-7.55,73.20200000000008,100,0.65,94
476,Ewa Beach,US,5855051,10/28/19 13:14,21.32,-158.01,76.71200000000006,20,1.5,61
477,Foso,GH,2300883,10/28/19 13:18,5.7,-1.29,76.22600000000008,85,1.96,93
478,Banjar,ID,1650233,10/28/19 13:18,-7.37,108.54,70.62800000000007,82,0.6,97
480,Baker City,US,5712169,10/28/19 13:17,44.77,-117.83,29.57000000000006,75,2.18,63
481,Los Llanos de Aridane,ES,2514651,10/28/19 13:18,28.66,-17.92,78.36800000000008,37,5.7,65
482,Roald,NO,3141667,10/28/19 13:18,62.58,6.12,37.05800000000001,75,3.6,86
483,Samana,EC,3655185,10/28/19 13:18,0.12,-76.97,87.8,40,2.1,58
484,Broome,GB,2656067,10/28/19 13:18,52.47,1.45,45.320000000000064,20,1.5,81
485,Sayyan,YE,70979,10/28/19 13:18,15.17,44.32,62.90600000000003,5,2.23,27
486,Sao Desiderio,BR,3449304,10/28/19 13:18,-12.36,-44.97,87.63800000000005,41,1.31,33
487,Akdepe,TM,601551,10/28/19 13:18,42.05,59.39,50.0,0,4.1,46
488,Mount Gambier,AU,2156643,10/28/19 13:18,-37.83,140.78,48.2,22,4.1,93
489,Yataity,PY,3436657,10/28/19 13:18,-26.37,-56.07,104.61200000000005,0,3.24,24
490,Mayumba,GA,2399001,10/28/19 13:18,-3.44,10.65,78.11600000000001,99,5.13,85
491,Podbrdo,BA,3210593,10/28/19 13:18,44.44,17.01,59.0,99,0.5,82
492,Jiayuguan,CN,1280957,10/28/19 13:18,39.77,98.29,45.158,0,5.85,16
493,Qasigiannguit,GL,3420768,10/28/19 13:18,68.82,-51.19,28.4,75,1.44,92
494,Gimli,CA,5961417,10/28/19 13:18,50.63,-96.99,27.554000000000052,70,2.68,58
496,Shingu,JP,1847947,10/28/19 13:18,33.72,135.99,63.320000000000064,90,3.7,86
497,Fredericksburg,US,4760059,10/28/19 13:18,38.3,-77.46,66.11000000000008,1,2.6,52
498,Sindor,RU,492860,10/28/19 13:18,62.87,51.9,23.45,41,3.35,83
499,Borovnica,BA,3186717,10/28/19 13:18,44.38,18.19,56.13800000000005,100,1.5,72
500,Pervomayskiy,RU,510911,10/28/19 13:18,53.24,40.29,46.72400000000001,97,1.69,62
501,Manadhoo,MV,1337618,10/28/19 13:18,5.77,73.38,82.61600000000001,100,5.4,74
502,Sola,TZ,151211,10/28/19 13:18,-3.17,33.8,71.74400000000007,95,3.43,68
503,San Lazaro,BZ,3581514,10/28/19 13:18,18.04,-88.66,84.2,40,2.1,89
504,Sitka,US,4267710,10/28/19 13:18,37.17,-99.65,33.998000000000026,55,3.58,46
505,Jega,NG,2336237,10/28/19 13:18,12.22,4.38,83.82200000000003,8,3.96,50
506,Aksu,KZ,1524298,10/28/19 13:16,52.04,76.93,53.6,90,9.0,66
507,Hofn,IS,2630299,10/28/19 13:18,64.25,-15.21,30.2,0,2.1,74
509,Port-Gentil,GA,2396518,10/28/19 13:18,-0.72,8.78,80.6,75,2.6,83
510,Emerald,AU,2167426,10/28/19 13:18,-23.53,148.16,70.68200000000002,70,3.1,68
511,Evensk,RU,2125693,10/28/19 13:18,61.92,159.24,27.338000000000044,100,2.85,75
512,Nichinan,JP,1855476,10/28/19 13:18,31.65,131.31,59.0,100,0.89,100
513,Hami,CN,1529484,10/28/19 13:18,42.84,93.51,42.908,0,1.06,28
514,Arcata,US,5558953,10/28/19 13:16,40.87,-124.08,42.8,1,2.6,60
515,Ainazi,LV,461628,10/28/19 13:19,57.86,24.36,42.602000000000075,95,2.98,76
516,Sehwan,PK,1165789,10/28/19 13:19,26.43,67.86,82.4,33,3.44,58
517,Seymchan,RU,2121373,10/28/19 13:19,62.93,152.39,14.756000000000029,100,0.13,95
518,Mersing,MY,1732826,10/28/19 13:19,2.43,103.84,81.24800000000002,97,4.22,77
519,Keffi,NG,2334652,10/28/19 13:19,8.85,7.88,80.6,40,3.1,57
520,Sefton,AU,2147714,10/28/19 13:19,-33.89,151.01,53.582000000000015,20,1.2,82
521,Nizhniy Ingash,RU,1497497,10/28/19 13:19,56.2,96.53,42.92600000000009,100,8.14,85
522,Tiksi,RU,2015306,10/28/19 13:19,71.64,128.87,-0.8139999999999787,100,0.77,96
523,Salina Cruz,MX,3520064,10/28/19 13:19,16.18,-95.2,82.45400000000005,0,7.75,74
524,Gat,SN,2249901,10/28/19 13:19,14.69,-16.54,93.86600000000001,5,1.9,14
527,Wollongong,AU,2171507,10/28/19 13:19,-34.42,150.89,53.87000000000006,20,2.55,82
528,Nefteyugansk,RU,1497917,10/28/19 13:19,61.09,72.61,19.4,40,4.0,100
529,Ornskoldsvik,SE,2686469,10/28/19 13:19,63.29,18.72,29.533999999999992,0,2.6,92
530,Uglegorsk,RU,2120261,10/28/19 13:19,49.08,142.06,39.254000000000055,33,4.3,77
531,Saint Anthony,US,5606187,10/28/19 13:16,43.97,-111.68,19.688000000000045,90,2.6,53
532,Malangali,TZ,155052,10/28/19 13:19,-8.57,34.85,65.174,98,6.05,67
534,Fortuna,US,5563839,10/28/19 13:19,40.6,-124.16,42.8,1,2.6,60
535,Pontes e Lacerda,BR,3453060,10/28/19 13:19,-15.23,-59.33,96.58399999999999,54,3.22,36
536,Labuhan,ID,1641899,10/28/19 13:19,-2.54,115.51,74.42600000000009,86,0.7,80
537,Sangar,RU,2017215,10/28/19 13:19,63.92,127.47,15.278000000000066,100,1.99,95
538,Necochea,AR,3430443,10/28/19 13:19,-38.55,-58.74,50.288000000000046,100,3.58,93
539,Luwingu,ZM,908913,10/28/19 13:19,-10.26,29.92,80.29400000000007,58,2.27,26
540,Chirilagua,SV,3587018,10/28/19 13:19,13.22,-88.14,87.83600000000007,92,1.0,79
541,Molteno,ZA,974719,10/28/19 13:19,-31.4,26.36,47.19199999999999,5,7.56,32
542,Poya,NC,2138522,10/28/19 13:19,-21.35,165.16,71.40200000000007,45,5.34,78
543,Erenhot,CN,2037485,10/28/19 13:19,43.65,111.97,36.733999999999995,0,4.78,55
544,Otane,NZ,2185329,10/28/19 13:19,-39.89,176.62,51.008,100,5.81,78
545,Ust-Ishim,RU,1488206,10/28/19 13:19,57.69,71.17,50.63000000000004,98,7.55,77
546,Tala,MX,3982616,10/28/19 13:19,20.65,-103.7,72.23000000000005,40,0.2,56
548,Burnie,AU,2173125,10/28/19 13:19,-41.05,145.91,43.66400000000003,100,1.34,94
549,Guerrero Negro,MX,4021858,10/28/19 13:19,27.97,-114.04,73.77800000000006,67,0.83,44
550,Bocanda,CI,2291383,10/28/19 13:19,7.06,-4.5,76.83800000000005,95,2.06,92
551,Cabedelo,BR,3404558,10/28/19 13:19,-6.97,-34.84,84.2,75,7.7,62
552,Abasha,GE,616022,10/28/19 13:19,42.2,42.2,53.6,0,1.5,93
554,Port-Cartier,CA,6111696,10/28/19 13:19,50.03,-66.88,42.29600000000005,90,5.7,75
555,Boguchany,RU,1509844,10/28/19 13:19,58.38,97.46,38.444000000000074,100,3.52,95
556,Police,PL,3088461,10/28/19 13:19,53.55,14.57,43.80800000000001,53,1.0,100
557,San-Pedro,CI,2282006,10/28/19 13:19,4.75,-6.64,78.98000000000005,27,6.35,86
558,Catuday,PH,1717787,10/28/19 13:19,16.29,119.81,81.46400000000003,100,5.09,82
559,Zabid,YE,69559,10/28/19 13:19,14.2,44.5,60.458000000000006,20,1.31,79
560,Hit,IQ,95788,10/28/19 13:19,33.64,42.83,75.03800000000004,0,1.15,34
562,Byron Bay,AU,2172880,10/28/19 13:19,-28.65,153.62,60.81800000000008,40,1.5,93
563,Tigil,RU,2120612,10/28/19 13:19,57.8,158.67,30.74000000000002,100,1.77,72
564,Ankpa,NG,2349788,10/28/19 13:19,7.37,7.63,72.19400000000007,94,0.38,92
565,Madaba,JO,248370,10/28/19 13:19,31.72,35.79,62.74400000000007,0,5.1,72
566,Katsuura,JP,1865309,10/28/19 13:19,33.93,134.5,61.71800000000009,75,3.1,87
567,Hambantota,LK,1244926,10/28/19 13:19,6.12,81.12,79.68200000000002,100,3.52,80
568,Curuguaty,PY,3437088,10/28/19 13:19,-24.47,-55.69,104.37800000000007,10,3.33,21
569,Waipawa,NZ,2185329,10/28/19 13:19,-39.94,176.59,51.008,100,5.81,78
570,Amapa,HN,3603330,10/28/19 13:19,15.09,-87.97,89.09600000000005,75,1.69,62
571,Sobolevo,RU,525426,10/28/19 13:19,54.43,31.9,40.73000000000004,82,1.15,86
572,Leh,IN,1264976,10/28/19 13:19,34.16,77.58,32.018000000000086,16,1.91,40
573,Brooks,CA,5909514,10/28/19 13:19,50.57,-111.89,17.00600000000003,61,5.81,61
574,Hauterive,CA,5889745,10/28/19 13:19,49.18,-68.27,43.16000000000008,90,2.6,93
575,Itagi,BR,3460907,10/28/19 13:19,-14.16,-40.01,87.15200000000007,58,3.43,40
576,Dom Pedrito,BR,3464547,10/28/19 13:19,-30.98,-54.67,86.21600000000001,7,7.35,72
577,Narasannapeta,IN,1261853,10/28/19 13:19,18.42,84.04,75.36200000000005,72,1.57,91
578,Nova Olimpia,BR,3456137,10/28/19 13:19,-14.8,-57.29,99.30200000000008,57,3.36,31
579,Mirnyy,RU,502265,10/28/19 13:19,56.57,36.46,32.88200000000002,69,1.01,78
580,Zhigansk,RU,2012530,10/28/19 13:19,66.77,123.37,16.268000000000086,100,3.7,89
581,Taoudenni,ML,2450173,10/28/19 13:19,22.68,-3.98,84.79400000000007,0,4.46,14
582,Bowen,AU,2174444,10/28/19 13:19,-20.01,148.25,72.158,75,0.5,83
583,Aranos,NA,3358666,10/28/19 13:19,-24.14,19.11,69.458,0,7.05,13
584,Sikeston,US,4408672,10/28/19 13:15,36.88,-89.59,57.02000000000006,90,2.09,93
585,Seoni Malwa,IN,1256823,10/28/19 13:19,22.45,77.47,73.32800000000006,93,1.01,82
586,Daru,PG,2098329,10/28/19 13:19,-9.07,143.21,75.70400000000005,98,2.9,92
588,Alyangula,AU,2079582,10/28/19 13:19,-13.85,136.42,73.4,55,1.54,94
589,Birobidzhan,RU,2026643,10/28/19 13:19,48.79,132.93,36.338000000000044,70,2.29,77
590,Salinopolis,BR,3389822,10/28/19 13:19,-0.61,-47.36,81.75200000000008,97,8.35,80
592,Rio Grande,BR,3451138,10/28/19 13:19,-32.03,-52.1,86.0,49,2.6,55
593,Florence,US,4578737,10/28/19 13:16,34.2,-79.77,76.74800000000002,1,1.5,54
594,Tulln,AT,2763266,10/28/19 13:19,48.33,16.06,47.372000000000035,75,3.1,71
595,La Asuncion,AR,3856548,10/28/19 13:19,-26.05,-65.39,96.44000000000003,0,6.66,15
596,Shelburne,CA,6145890,10/28/19 13:19,44.08,-80.2,58.604000000000056,20,3.6,50
597,Ugoofaaru,MV,1337619,10/28/19 13:19,5.67,73.0,82.14800000000002,100,6.09,76
598,Buluang,PH,1717512,10/28/19 13:19,10.47,123.98,78.8,20,1.0,83
599,Bochil,MX,3532182,10/28/19 13:19,17.0,-92.89,78.8,75,1.5,78
600,Grand Forks,US,5059429,10/28/19 13:19,47.91,-97.06,28.382000000000016,75,5.7,54
601,Minab,IR,123941,10/28/19 13:19,27.15,57.07,78.8,0,1.0,74
602,Mount Isa,AU,2065594,10/28/19 13:16,-20.73,139.49,73.4,75,5.1,38
603,Yenagoa,NG,2318123,10/28/19 13:19,4.92,6.26,74.04800000000003,100,0.97,94
604,Nadym,RU,1498087,10/28/19 13:19,65.53,72.51,0.39200000000004565,0,2.38,93
605,Tolaga Bay,NZ,2180991,10/28/19 13:19,-38.37,178.3,59.39600000000005,97,2.35,76
606,Gigmoto,PH,1712961,10/28/19 13:19,13.78,124.39,83.89400000000008,95,5.11,77
607,Puerto Escondido,MX,3520994,10/28/19 13:19,15.86,-97.07,86.0,75,2.6,66
608,Beringovskiy,RU,2126710,10/28/19 13:19,63.05,179.32,21.02000000000006,100,11.76,66
609,Te Anau,NZ,2181625,10/28/19 13:19,-45.41,167.72,37.99400000000007,90,1.11,95
610,Homer,US,5864145,10/28/19 13:19,59.64,-151.54,48.02000000000006,1,6.46,76
611,Port Hardy,CA,6111862,10/28/19 13:19,50.7,-127.42,44.6,75,1.5,87
612,Peniche,PT,2264923,10/28/19 13:19,39.36,-9.38,67.424,40,4.6,94
613,Belmonte,PT,8010472,10/28/19 13:19,40.36,-7.35,62.83399999999999,100,1.27,90
615,Shuyskoye,RU,493201,10/28/19 13:19,59.37,41.03,24.332000000000015,41,1.66,92
616,Port Augusta,AU,2063056,10/28/19 13:19,-32.49,137.76,55.65200000000008,0,2.6,62
617,Fort Saint James,CA,5881688,10/28/19 13:19,54.43,-124.25,30.50600000000003,34,2.91,50
618,Camopi,GF,3382226,10/28/19 13:19,3.17,-52.33,95.77400000000002,63,2.44,31
619,Hong Gai,VN,1580410,10/28/19 13:19,20.96,107.09,71.6,100,3.6,68
620,Half Moon Bay,US,5354943,10/28/19 13:19,37.46,-122.43,59.791999999999994,20,3.6,19
621,Campos Altos,BR,3467688,10/28/19 13:19,-19.7,-46.17,82.25600000000003,83,3.1,51
622,Senneterre,CA,6144195,10/28/19 13:19,48.39,-77.24,44.6,75,3.6,87
623,North Branch,US,5039421,10/28/19 13:19,45.51,-92.98,33.008,90,3.1,33
